content_id,title,content_type,genre,release_year,duration_minutes,content_language,production_country,maturity_rating
CNT00001,Golden Horizon,TV Show,Horror,2021,51,English,India,TV-14
CNT00002,Restless Kingdom,TV Show,Comedy,2004,39,English,United States,TV-MA
CNT00003,Silent Symphony,Movie,Family,2016,117,English,India,NR
CNT00004,Silent Legacy,TV Show,Stand-Up Comedy,2004,72,Indonesian,India,PG-13
CNT00005,Golden Kingdom,Movie,Reality,2017,100,English,Philippines,G
CNT00006,Midnight Symphony,Movie,Anime,2007,100,Korean,United States,TV-MA
CNT00007,Iron Signal,TV Show,Comedy,2022,73,English,Japan,G
CNT00008,Forgotten River,Movie,Mystery,2009,120,English,Mexico,PG-13
CNT00009,Crimson Empire,TV Show,Thriller,2003,32,Spanish,France,PG
CNT00010,Hidden Echo,Movie,Horror,2024,115,German,Japan,G
CNT00011,Forgotten City,Documentary,Anime,2004,32,Arabic,India,TV-MA
CNT00012,Wild Signal,TV Show,Anime,2018,32,Hindi,Spain,PG-13
CNT00013,Last Harbor,TV Show,Sci-Fi,2011,46,Arabic,Australia,R
CNT00014,Iron Harbor,Stand-Up Special,Romance,2000,20,German,Brazil,NR
CNT00015,Golden Storm,TV Show,Family,2010,20,Hindi,France,R
CNT00016,Ancient Empire,Stand-Up Special,Drama,2001,30,French,Japan,TV-MA
CNT00017,Endless Shadow,Movie,Family,1998,84,Indonesian,United States,TV-14
CNT00018,Endless Frontier,Documentary,Documentary,2007,48,Korean,Indonesia,TV-MA
CNT00019,Crimson Storm,Movie,Action,2022,86,Indonesian,Germany,G
CNT00020,Wild Voyage,Movie,Reality,2024,76,Japanese,Indonesia,PG
CNT00021,Broken Harbor,Limited Series,Thriller,2013,71,Japanese,United States,NR
CNT00022,Restless Storm,Movie,Sports,2003,100,English,Argentina,NR
CNT00023,Fractured Signal,Limited Series,Crime,2010,43,Polish,South Korea,TV-14
CNT00024,Iron Echo,Limited Series,Mystery,2005,20,English,United States,G
CNT00025,Restless Harbor,TV Show,Drama,2018,31,English,United States,G
CNT00026,Broken Shadow,Movie,Horror,2013,107,English,India,PG
CNT00027,Scarlet Harbor,Documentary,Family,2001,20,French,India,PG-13
CNT00028,Fractured Valley,TV Show,Comedy,2018,49,English,Japan,R
CNT00029,Wild River,Movie,Crime,2002,92,Hindi,Germany,PG-13
CNT00030,Midnight Harbor,Limited Series,Thriller,2025,36,Korean,Canada,G
CNT00031,Broken Symphony,Documentary,Thriller,2025,29,English,Italy,R
CNT00032,Scarlet Voyage,Movie,Anime,2003,142,Hindi,Spain,R
CNT00033,Endless Echo,Movie,Sports,2007,104,English,United States,G
CNT00034,Restless City,TV Show,Comedy,2013,20,Spanish,United States,NR
CNT00035,Ancient Legacy,Movie,Thriller,2000,121,Portuguese,Indonesia,TV-14
CNT00036,Forgotten Border,Movie,Horror,1999,80,Portuguese,Germany,R
CNT00037,Ancient Shadow,Limited Series,Crime,2008,46,English,Japan,R
CNT00038,Last Garden,TV Show,Thriller,2017,20,Polish,United States,G
CNT00039,Distant Symphony,Movie,Sci-Fi,2009,78,Arabic,United States,PG
CNT00040,Iron Garden,Movie,Fantasy,2023,108,French,France,G
CNT00041,Restless Garden,Limited Series,Documentary,2002,56,English,Italy,G
CNT00042,Endless Garden,TV Show,Stand-Up Comedy,2018,45,Korean,India,TV-MA
CNT00043,Scarlet Empire,Limited Series,Comedy,2011,39,Korean,United States,G
CNT00044,Silent Shadow,Documentary,Sci-Fi,2012,35,Spanish,United States,R
CNT00045,Restless Horizon,Movie,Romance,2024,75,Hindi,Germany,TV-MA
CNT00046,Last Valley,Movie,Fantasy,2023,90,Tagalog,United Kingdom,G
CNT00047,Iron Symphony,Limited Series,Family,2021,32,English,United Arab Emirates,PG
CNT00048,Hidden Legacy,Limited Series,Drama,2008,63,Japanese,United States,R
CNT00049,Forgotten Empire,Movie,Documentary,1999,111,Korean,United Kingdom,PG
CNT00050,Crimson Echo,Movie,Horror,2019,69,English,India,PG-13
CNT00051,Endless Kingdom,Stand-Up Special,Sci-Fi,2014,48,Hindi,United Kingdom,NR
CNT00052,Restless Shadow,Limited Series,Documentary,2006,34,English,Indonesia,PG-13
CNT00053,Broken River,TV Show,Reality,2008,28,Hindi,South Korea,TV-MA
CNT00054,Golden Border,Limited Series,Crime,2020,54,Hindi,India,TV-MA
CNT00055,Restless Signal,Movie,Thriller,2008,125,Portuguese,Argentina,TV-14
CNT00056,Golden Garden,TV Show,Family,2020,60,English,India,PG
CNT00057,Crimson Valley,TV Show,Anime,2026,25,English,Japan,TV-MA
CNT00058,Quiet Border,TV Show,Drama,2004,35,Hindi,India,TV-MA
CNT00059,Wild Echo,Movie,Crime,2023,111,Arabic,Brazil,NR
CNT00060,Hidden Kingdom,Movie,Stand-Up Comedy,2022,124,English,United States,PG-13
CNT00061,Forgotten Signal,Movie,Comedy,2013,95,Portuguese,India,NR
CNT00062,Distant Echo,Movie,Crime,2010,101,Spanish,South Korea,PG
CNT00063,Last Horizon,Limited Series,Documentary,2005,20,English,Nigeria,TV-14
CNT00064,Ancient Echo,Movie,Horror,2001,81,Hindi,Italy,NR
CNT00065,Midnight Frontier,Stand-Up Special,Stand-Up Comedy,2026,58,Hindi,Argentina,NR
CNT00066,Ancient Valley,Documentary,Mystery,2021,69,Korean,Spain,R
CNT00067,Endless Harbor,Documentary,Sci-Fi,2014,40,Hindi,Nigeria,PG
CNT00068,Distant Garden,Movie,Stand-Up Comedy,2015,125,English,India,PG
CNT00069,Last Signal,Movie,Family,2012,112,Hindi,India,PG
CNT00070,Fractured Border,Limited Series,Drama,2022,29,Spanish,Indonesia,R
CNT00071,Silent Circuit,Movie,Anime,2024,112,Hindi,Indonesia,TV-14
CNT00072,Endless Valley,TV Show,Anime,2019,72,Japanese,India,TV-14
CNT00073,Last Symphony,Movie,Anime,2019,104,English,France,TV-14
CNT00074,Fractured Storm,Limited Series,Action,2010,73,English,United States,R
CNT00075,Wild Shadow,Documentary,Anime,2024,20,Hindi,India,NR
CNT00076,Distant Voyage,Movie,Comedy,2009,121,English,Poland,G
CNT00077,Broken Horizon,Limited Series,Crime,2017,43,English,Philippines,PG
CNT00078,Scarlet River,TV Show,Crime,2006,36,German,Canada,PG
CNT00079,Golden Legacy,Stand-Up Special,Documentary,2007,43,Spanish,Germany,R
CNT00080,Northern Signal,Movie,Horror,2022,65,English,United States,TV-14
CNT00081,Golden City,Movie,Family,2000,100,Spanish,Japan,PG-13
CNT00082,Silent Valley,Documentary,Documentary,2009,49,Portuguese,Canada,NR
CNT00083,Midnight Storm,Movie,Sci-Fi,2015,134,Japanese,France,R
CNT00084,Fractured Empire,Movie,Horror,2000,94,English,Philippines,R
CNT00085,Forgotten Echo,TV Show,Anime,2013,25,Korean,India,PG
CNT00086,Scarlet Signal,Movie,Sci-Fi,2026,94,Portuguese,India,PG-13
CNT00087,Ancient Signal,Movie,Family,2022,123,English,Brazil,R
CNT00088,Scarlet Echo,Documentary,Thriller,2010,48,French,India,PG-13
CNT00089,Iron Voyage,TV Show,Reality,2021,31,Spanish,United Kingdom,PG-13
CNT00090,Midnight Empire,Movie,Horror,2004,115,English,United States,TV-14
CNT00091,Restless Legacy,Movie,Sports,2016,106,Tagalog,India,TV-MA
CNT00092,Quiet River,Documentary,Fantasy,2003,61,English,India,TV-14
CNT00093,Endless City,Stand-Up Special,Fantasy,2002,27,Portuguese,Japan,NR
CNT00094,Silent Garden,TV Show,Mystery,1999,35,English,India,NR
CNT00095,Distant Border,TV Show,Comedy,2023,34,Spanish,United States,PG-13
CNT00096,Distant Harbor,Movie,Family,2023,75,Portuguese,France,NR
CNT00097,Ancient Border,TV Show,Mystery,2016,47,Polish,India,PG-13
CNT00098,Crimson Signal,Movie,Thriller,2003,110,Spanish,United States,PG
CNT00099,Midnight Voyage,Movie,Horror,2007,105,French,India,R
CNT00100,Endless Signal,Movie,Horror,2006,100,Korean,Mexico,G
CNT00101,Broken Legacy,Documentary,Fantasy,2012,20,French,Canada,TV-14
CNT00102,Northern Empire,TV Show,Sports,2017,33,English,Canada,R
CNT00103,Wild Empire,Movie,Horror,2024,98,Korean,United Arab Emirates,TV-MA
CNT00104,Silent Empire,TV Show,Action,2018,25,Hindi,Canada,PG-13
CNT00105,Hidden Valley,TV Show,Sports,2013,38,English,United Arab Emirates,PG-13
CNT00106,Hidden Shadow,Movie,Sports,2010,113,Japanese,India,TV-MA
CNT00107,Broken Echo,Movie,Sci-Fi,2022,142,Hindi,India,TV-MA
CNT00108,Midnight Valley,Movie,Reality,2013,108,Portuguese,Mexico,NR
CNT00109,Broken Signal,Movie,Romance,2012,110,Arabic,Italy,R
CNT00110,Forgotten Legacy,Movie,Drama,2000,103,English,Germany,NR
CNT00111,Golden Echo,Limited Series,Romance,2020,20,English,Brazil,TV-14
CNT00112,Ancient Storm,Limited Series,Sci-Fi,2025,41,Hindi,Nigeria,NR
CNT00113,Quiet Voyage,Limited Series,Mystery,2009,43,English,Germany,NR
CNT00114,Restless Border,TV Show,Stand-Up Comedy,2020,91,English,Indonesia,R
CNT00115,Forgotten Valley,Movie,Sports,2023,101,Hindi,South Korea,TV-14
CNT00116,Last Voyage,Stand-Up Special,Romance,2016,48,English,Brazil,G
CNT00117,Midnight River,TV Show,Mystery,2002,41,Hindi,United States,TV-14
CNT00118,Last Kingdom,TV Show,Sci-Fi,2020,20,Hindi,India,G
CNT00119,Wild Symphony,Movie,Stand-Up Comedy,2026,127,German,Mexico,NR
CNT00120,Quiet Harbor,TV Show,Family,2022,57,Portuguese,United Arab Emirates,NR
CNT00121,Hidden Garden,Limited Series,Comedy,1999,57,English,India,PG-13
CNT00122,Forgotten Frontier,Movie,Action,2000,86,Portuguese,United States,R
CNT00123,Forgotten Voyage,Limited Series,Romance,2018,70,English,India,PG-13
CNT00124,Silent Echo,Limited Series,Action,2009,20,Italian,United States,PG-13
CNT00125,Midnight Garden,Movie,Anime,2001,116,English,Indonesia,TV-MA
CNT00126,Quiet Horizon,Stand-Up Special,Anime,2016,85,Korean,India,NR
CNT00127,Broken Voyage,Documentary,Fantasy,2005,22,Portuguese,Nigeria,PG-13
CNT00128,Endless Storm,TV Show,Comedy,2012,30,English,India,PG-13
CNT00129,Quiet Shadow,TV Show,Action,2023,43,Spanish,India,PG-13
CNT00130,Ancient Frontier,Limited Series,Action,2024,31,Indonesian,India,NR
CNT00131,Distant Storm,Documentary,Horror,2021,20,French,Indonesia,R
CNT00132,Restless Circuit,Movie,Anime,2015,106,English,United States,PG-13
CNT00133,Endless Border,Documentary,Reality,2005,20,Hindi,United States,TV-MA
CNT00134,Forgotten Kingdom,TV Show,Mystery,2007,51,Portuguese,Spain,G
CNT00135,Last City,Limited Series,Fantasy,2001,23,English,Poland,TV-MA
CNT00136,Last Border,TV Show,Family,2021,72,English,France,R
CNT00137,Golden Voyage,TV Show,Sci-Fi,2009,26,English,United States,R
CNT00138,Forgotten Circuit,Movie,Reality,2018,98,Hindi,Germany,R
CNT00139,Distant Signal,TV Show,Drama,2008,58,English,United States,PG
CNT00140,Crimson Kingdom,Documentary,Crime,2024,20,Korean,France,PG-13
CNT00141,Endless Legacy,Movie,Drama,2009,109,Japanese,United States,PG
CNT00142,Wild Horizon,Movie,Comedy,2011,131,Spanish,United States,TV-14
CNT00143,Midnight Circuit,TV Show,Documentary,2005,20,Indonesian,Canada,G
CNT00144,Ancient Garden,TV Show,Drama,2013,45,Korean,United States,R
CNT00145,Midnight Kingdom,Limited Series,Stand-Up Comedy,2000,47,English,France,TV-MA
CNT00146,Northern Frontier,Movie,Family,2020,120,English,United States,TV-14
CNT00147,Fractured Echo,Limited Series,Family,2012,20,Hindi,India,TV-14
CNT00148,Golden Shadow,Movie,Sci-Fi,2002,78,French,United Kingdom,R
CNT00149,Distant Kingdom,Documentary,Thriller,2021,52,German,Canada,NR
CNT00150,Golden Valley,Movie,Family,2021,110,English,Indonesia,PG-13
CNT00151,Quiet Circuit,Movie,Crime,2013,110,English,United States,G
CNT00152,Iron River,Documentary,Horror,2025,48,Spanish,South Africa,NR
CNT00153,Endless Horizon,Movie,Fantasy,2009,91,English,Italy,NR
CNT00154,Silent Kingdom,TV Show,Crime,2012,46,English,United Kingdom,PG-13
CNT00155,Distant City,Movie,Comedy,2006,110,Hindi,Japan,R
CNT00156,Crimson Frontier,Movie,Family,2019,90,French,United States,R
CNT00157,Northern City,Movie,Fantasy,2022,142,English,Argentina,PG-13
CNT00158,Scarlet Valley,Movie,Anime,2005,114,Spanish,Germany,NR
CNT00159,Iron Kingdom,Movie,Comedy,2012,81,Indonesian,Canada,NR
CNT00160,Wild Valley,TV Show,Family,2010,55,English,India,PG-13
CNT00161,Fractured River,Movie,Anime,2010,85,Arabic,Brazil,TV-14
CNT00162,Wild Harbor,Movie,Action,2018,120,English,United States,TV-MA
CNT00163,Crimson Circuit,Movie,Romance,2002,128,English,India,PG
CNT00164,Hidden Voyage,TV Show,Mystery,2026,25,Spanish,Japan,TV-14
CNT00165,Last Echo,Movie,Mystery,2023,124,English,Mexico,G
CNT00166,Iron Frontier,Movie,Mystery,1999,113,Hindi,Canada,PG-13
CNT00167,Crimson Shadow,TV Show,Romance,2012,58,English,Argentina,NR
CNT00168,Wild Kingdom,TV Show,Action,2020,79,Hindi,United States,R
CNT00169,Hidden Circuit,Movie,Fantasy,2022,100,English,United Kingdom,TV-MA
CNT00170,Distant Shadow,Movie,Anime,2021,89,Korean,India,TV-MA
CNT00171,Last Shadow,Movie,Romance,2007,87,Tagalog,Italy,TV-14
CNT00172,Northern Storm,TV Show,Thriller,2010,25,Portuguese,India,PG-13
CNT00173,Last Frontier,Movie,Family,1998,103,Hindi,Brazil,PG
CNT00174,Forgotten Storm,Movie,Fantasy,2001,111,Spanish,Philippines,TV-MA
CNT00175,Ancient City,TV Show,Romance,2002,47,English,France,NR
CNT00176,Broken Valley,Movie,Horror,2017,121,English,United Arab Emirates,TV-14
CNT00177,Midnight Echo,Documentary,Anime,2011,42,Tagalog,Brazil,NR
CNT00178,Scarlet Circuit,TV Show,Documentary,2014,71,Korean,South Korea,PG-13
CNT00179,Distant Legacy,Movie,Romance,2000,99,Indonesian,Philippines,PG
CNT00180,Broken Border,TV Show,Horror,2000,96,Hindi,United Kingdom,G
CNT00181,Wild Storm,Movie,Fantasy,2013,117,French,Italy,PG
CNT00182,Restless Frontier,Movie,Fantasy,2001,87,English,India,R
CNT00183,Ancient Harbor,TV Show,Fantasy,2017,20,Hindi,United Kingdom,TV-MA
CNT00184,Fractured Legacy,TV Show,Thriller,2009,51,English,Brazil,TV-MA
CNT00185,Ancient Symphony,Movie,Sports,2010,100,Italian,United States,PG-13
CNT00186,Distant Circuit,Movie,Documentary,2021,119,German,Nigeria,PG
CNT00187,Broken Circuit,TV Show,Action,2019,51,Hindi,Philippines,TV-14
CNT00188,Scarlet Legacy,Documentary,Thriller,2012,40,English,South Korea,PG
CNT00189,Quiet Frontier,Movie,Sports,2022,88,Portuguese,India,PG-13
CNT00190,Iron City,Limited Series,Stand-Up Comedy,2023,20,Hindi,India,R
CNT00191,Midnight Border,Movie,Action,2013,96,Hindi,Brazil,NR
CNT00192,Distant Valley,Movie,Action,2008,122,English,Germany,PG-13
CNT00193,Quiet Garden,Movie,Family,2012,109,Hindi,United States,G
CNT00194,Iron Valley,Movie,Comedy,2018,80,Hindi,United States,TV-MA
CNT00195,Hidden Horizon,Movie,Mystery,2000,108,English,United States,TV-14
CNT00196,Iron Circuit,Movie,Comedy,2019,112,Hindi,France,PG-13
CNT00197,Ancient Circuit,Movie,Sci-Fi,2001,87,English,India,PG
CNT00198,Scarlet Frontier,Movie,Documentary,2006,108,French,India,PG
CNT00199,Crimson River,Movie,Thriller,2026,106,German,Canada,G
CNT00200,Wild Circuit,TV Show,Fantasy,2025,20,English,Spain,TV-14
CNT00201,Golden Signal,Documentary,Horror,1998,49,Hindi,South Africa,TV-MA
CNT00202,Hidden Storm,Movie,Comedy,2014,116,English,Philippines,PG
CNT00203,Distant Empire,Movie,Sci-Fi,2007,126,Portuguese,United States,G
CNT00204,Last Legacy,TV Show,Stand-Up Comedy,2016,63,English,Philippines,NR
CNT00205,Broken Empire,TV Show,Family,1998,20,Spanish,France,TV-14
CNT00206,Quiet Echo,Movie,Comedy,2011,86,Hindi,United States,PG
CNT00207,Iron Border,Movie,Reality,2001,115,English,Brazil,R
CNT00208,Golden Empire,Movie,Romance,2007,115,Indonesian,United States,NR
CNT00209,Fractured Harbor,Stand-Up Special,Action,2016,52,German,South Africa,PG
CNT00210,Scarlet Garden,TV Show,Thriller,2014,119,Hindi,Argentina,PG
CNT00211,Broken City,Movie,Sports,1998,116,Korean,India,R
CNT00212,Last Empire,TV Show,Anime,2010,64,English,United Kingdom,TV-MA
CNT00213,Restless Empire,Documentary,Documentary,2001,61,Hindi,United States,NR
CNT00214,Iron Storm,Movie,Anime,1999,118,English,Brazil,TV-14
CNT00215,Wild Legacy,Movie,Fantasy,2014,98,Korean,France,TV-MA
CNT00216,Scarlet Horizon,Movie,Documentary,2016,120,English,United Arab Emirates,TV-14
CNT00217,Silent Voyage,Movie,Horror,2016,89,Hindi,South Korea,TV-MA
CNT00218,Ancient Voyage,Limited Series,Comedy,2014,37,English,South Korea,PG-13
CNT00219,Northern Shadow,Stand-Up Special,Mystery,2008,32,Spanish,Italy,TV-14
CNT00220,Endless Voyage,Movie,Horror,2007,106,English,India,PG-13
CNT00221,Quiet Signal,TV Show,Sports,2009,88,Spanish,India,NR
CNT00222,Golden Symphony,Movie,Anime,2022,67,Japanese,South Africa,PG-13
CNT00223,Broken Garden,Stand-Up Special,Thriller,2012,55,French,India,TV-14
CNT00224,Crimson Symphony,Movie,Sci-Fi,2017,72,German,United States,PG
CNT00225,Crimson Garden,Movie,Comedy,2000,95,French,Spain,PG
CNT00226,Hidden City,Stand-Up Special,Anime,2003,63,Indonesian,Nigeria,NR
CNT00227,Quiet City,Movie,Documentary,2008,106,English,Italy,TV-14
CNT00228,Scarlet Storm,Limited Series,Mystery,2023,20,English,India,PG
CNT00229,Wild Garden,TV Show,Crime,2025,27,Portuguese,United States,R
CNT00230,Fractured Frontier,Movie,Anime,2003,118,Italian,Japan,R
CNT00231,Northern Harbor,Movie,Sci-Fi,2007,90,Portuguese,Argentina,TV-MA
CNT00232,Hidden Border,TV Show,Fantasy,2018,46,Arabic,Japan,PG-13
CNT00233,Fractured Symphony,Limited Series,Crime,2019,42,German,Nigeria,NR
CNT00234,Distant Frontier,Movie,Reality,2016,91,English,United States,NR
CNT00235,Wild Frontier,Movie,Crime,2013,147,English,South Korea,TV-MA
CNT00236,Midnight City,TV Show,Family,1999,54,Spanish,Canada,TV-14
CNT00237,Silent Signal,TV Show,Comedy,2020,20,English,United Kingdom,G
CNT00238,Northern Kingdom,TV Show,Romance,2009,45,English,Mexico,TV-MA
CNT00239,Silent Horizon,Stand-Up Special,Mystery,2015,28,Hindi,Japan,R
CNT00240,Forgotten Harbor,TV Show,Romance,2026,59,German,India,G
CNT00241,Silent Harbor,Movie,Documentary,2012,89,Portuguese,France,TV-14
CNT00242,Broken Storm,TV Show,Fantasy,2021,39,Spanish,India,TV-MA
CNT00243,Quiet Storm,Stand-Up Special,Horror,2006,52,English,United Kingdom,TV-MA
CNT00244,Restless Voyage,Movie,Reality,2019,122,Hindi,Argentina,TV-MA
CNT00245,Hidden Symphony,TV Show,Horror,2020,20,English,India,R
CNT00246,Crimson Border,Limited Series,Stand-Up Comedy,2010,35,Hindi,Nigeria,TV-14
CNT00247,Endless Circuit,TV Show,Sports,2023,32,Italian,Canada,R
CNT00248,Iron Shadow,Movie,Horror,1998,91,English,Australia,TV-MA
CNT00249,Fractured Garden,Movie,Stand-Up Comedy,2016,140,Korean,India,R
CNT00250,Broken Frontier,Movie,Thriller,2019,113,English,Argentina,G
CNT00251,Restless Valley,Movie,Sci-Fi,2007,79,English,Germany,NR
CNT00252,Golden River,TV Show,Horror,2014,60,English,India,PG-13
CNT00253,Northern Echo,TV Show,Horror,2024,84,Korean,India,TV-14
CNT00254,Broken Kingdom,Movie,Anime,1999,125,Portuguese,Germany,TV-14
CNT00255,Endless Symphony,TV Show,Comedy,2025,20,English,United States,PG
CNT00256,Hidden Harbor,TV Show,Anime,2015,32,English,Japan,NR
CNT00257,Distant Horizon,Limited Series,Mystery,2006,67,English,United Kingdom,G
CNT00258,Northern Horizon,Movie,Anime,2021,90,Arabic,Nigeria,PG
CNT00259,Northern Legacy,Movie,Fantasy,2002,113,English,India,R
CNT00260,Silent Border,Movie,Anime,2008,120,Hindi,South Africa,R
CNT00261,Scarlet Shadow,Movie,Anime,2007,86,German,United Arab Emirates,TV-14
CNT00262,Wild Border,Movie,Anime,2016,103,English,United Kingdom,TV-MA
CNT00263,Quiet Kingdom,Documentary,Family,2002,20,Portuguese,Japan,PG
CNT00264,Scarlet Border,TV Show,Family,2023,21,Tagalog,Germany,TV-14
CNT00265,Golden Harbor,TV Show,Reality,2017,36,English,United States,TV-14
CNT00266,Silent River,Movie,Horror,2010,80,Hindi,Canada,TV-14
CNT00267,Iron Horizon,TV Show,Fantasy,2000,74,English,United Kingdom,TV-14
CNT00268,Last Circuit,Movie,Mystery,2014,76,Hindi,Nigeria,R
CNT00269,Midnight Shadow,Movie,Comedy,2001,96,English,South Africa,PG-13
CNT00270,Distant River,Documentary,Action,2004,44,Hindi,United Kingdom,PG-13
CNT00271,Northern River,Movie,Mystery,2024,133,French,France,NR
CNT00272,Northern Valley,TV Show,Anime,2013,20,Portuguese,United Kingdom,TV-14
CNT00273,Scarlet Symphony,TV Show,Documentary,2015,65,Korean,India,PG-13
CNT00274,Quiet Empire,Stand-Up Special,Documentary,2022,42,Japanese,United States,G
CNT00275,Crimson Voyage,Movie,Fantasy,2016,85,English,India,NR
CNT00276,Midnight Horizon,Stand-Up Special,Family,2020,51,Arabic,India,TV-14
CNT00277,Quiet Legacy,Limited Series,Sci-Fi,2009,45,English,United States,PG-13
CNT00278,Northern Garden,TV Show,Horror,2000,29,French,United Kingdom,G
CNT00279,Ancient Horizon,TV Show,Action,2021,43,English,Canada,TV-14
CNT00280,Midnight Signal,Movie,Documentary,2001,97,Portuguese,United States,R
CNT00281,Scarlet Kingdom,TV Show,Drama,2008,44,English,Poland,NR
CNT00282,Fractured Circuit,TV Show,Action,2022,55,English,Nigeria,TV-MA
CNT00283,Restless Symphony,TV Show,Sci-Fi,2000,73,Spanish,United States,PG
CNT00284,Hidden River,Movie,Romance,2003,80,Spanish,South Korea,PG-13
CNT00285,Endless River,Documentary,Drama,2011,84,English,India,G
CNT00286,Hidden Empire,Documentary,Documentary,2014,20,English,India,NR
CNT00287,Fractured Shadow,Movie,Thriller,2001,101,Spanish,Germany,G
CNT00288,Scarlet City,Stand-Up Special,Romance,2000,53,English,South Korea,PG
CNT00289,Last River,Movie,Horror,2024,110,Hindi,United States,TV-14
CNT00290,Northern Voyage,Movie,Family,2004,92,Arabic,United States,PG-13
CNT00291,Forgotten Garden,TV Show,Sports,2006,37,Hindi,United States,R
CNT00292,Forgotten Symphony,Documentary,Anime,2009,32,Hindi,Nigeria,NR
CNT00293,Iron Legacy,Movie,Stand-Up Comedy,2020,93,Hindi,South Africa,TV-MA
CNT00294,Silent Frontier,TV Show,Stand-Up Comedy,2004,58,Japanese,Italy,PG-13
CNT00295,Last Storm,Documentary,Reality,2009,49,French,United Arab Emirates,TV-14
CNT00296,Crimson Harbor,TV Show,Reality,2001,28,German,India,G
CNT00297,Fractured Voyage,Limited Series,Reality,2001,59,Korean,Germany,NR
CNT00298,Fractured Kingdom,Movie,Sports,1998,111,English,India,TV-14
CNT00299,Northern Circuit,Movie,Comedy,2012,121,English,India,NR
CNT00300,Midnight Legacy,Limited Series,Action,2023,54,English,United Arab Emirates,G
CNT00301,Scarlet Echo Part 4,Stand-Up Special,Sports,2009,25,English,France,NR
CNT00302,Hidden Signal,Limited Series,Horror,2006,30,French,Japan,TV-MA
CNT00303,Iron Empire,TV Show,Mystery,2013,56,English,Indonesia,TV-14
CNT00304,Fractured City,Limited Series,Romance,2004,54,English,United States,TV-MA
CNT00305,Wild City,Movie,Sci-Fi,2022,104,English,India,NR
CNT00306,Silent City,TV Show,Reality,2026,44,English,Argentina,NR
CNT00307,Crimson Horizon,TV Show,Action,2020,67,French,United States,G
CNT00308,Golden Frontier,TV Show,Documentary,2023,30,English,India,PG
CNT00309,Forgotten Horizon,Movie,Thriller,2024,115,Spanish,Spain,R
CNT00310,Ancient Kingdom,TV Show,Documentary,2018,37,English,Spain,PG-13
CNT00311,Silent Storm,TV Show,Sports,2011,37,Hindi,United States,G
CNT00312,Forgotten Shadow,TV Show,Documentary,2021,63,English,Canada,PG-13
CNT00313,Northern Border,Documentary,Thriller,2023,58,Spanish,Canada,G
CNT00314,Quiet Symphony,Limited Series,Crime,2017,58,German,India,TV-14
CNT00315,Hidden Frontier,TV Show,Stand-Up Comedy,2022,68,Hindi,South Korea,R
CNT00316,Quiet Valley,Documentary,Documentary,2002,42,English,United States,G
CNT00317,Golden Circuit,Movie,Horror,2019,118,Arabic,Argentina,R
CNT00318,Northern Symphony,Movie,Romance,2026,98,Arabic,India,NR
CNT00319,Restless River,Movie,Thriller,2025,111,Korean,Philippines,TV-MA
CNT00320,Crimson City,TV Show,Sports,2002,39,Hindi,Mexico,PG
CNT00321,Endless Empire,TV Show,Action,2010,43,Hindi,United Kingdom,TV-14
CNT00322,Scarlet Border Part 7,TV Show,Documentary,2006,53,Hindi,United Kingdom,PG
CNT00323,Ancient River,TV Show,Anime,2020,25,Japanese,Mexico,R
CNT00324,Golden Symphony Part 3,TV Show,Stand-Up Comedy,2023,83,Spanish,Argentina,PG-13
CNT00325,Hidden Voyage Part 8,Movie,Reality,2010,84,English,United Kingdom,PG
CNT00326,Golden Empire Part 4,Movie,Anime,2005,80,German,India,R
CNT00327,Restless Echo,Movie,Action,2012,128,Portuguese,France,TV-14
CNT00328,Scarlet Legacy Part 5,Limited Series,Sci-Fi,2024,57,English,South Africa,NR
CNT00329,Restless Border Part 5,TV Show,Sports,2002,54,Portuguese,Nigeria,PG-13
CNT00330,Silent Empire Part 4,Movie,Mystery,2002,117,English,United Kingdom,TV-MA
CNT00331,Last Garden Part 2,Movie,Documentary,2013,104,English,India,PG
CNT00332,Hidden Shadow Part 4,TV Show,Stand-Up Comedy,2011,24,Tagalog,Spain,PG-13
CNT00333,Golden Kingdom Part 3,TV Show,Reality,2020,43,Hindi,United States,NR
CNT00334,Scarlet Voyage Part 4,Limited Series,Horror,2004,28,English,South Korea,G
CNT00335,Midnight Border Part 3,Movie,Comedy,2017,124,Arabic,Japan,PG-13
CNT00336,Midnight Border Part 8,Movie,Horror,2013,102,Hindi,Germany,PG-13
CNT00337,Forgotten Legacy Part 8,TV Show,Sports,2005,25,German,Philippines,PG-13
CNT00338,Ancient Valley Part 2,Movie,Mystery,2008,98,Tagalog,United Kingdom,TV-14
CNT00339,Scarlet Voyage Part 8,Movie,Thriller,1998,113,Hindi,Germany,TV-14
CNT00340,Midnight Harbor Part 2,Movie,Anime,1998,93,Arabic,Nigeria,G
CNT00341,Fractured Horizon,TV Show,Crime,2014,25,Tagalog,United States,TV-MA
CNT00342,Forgotten Storm Part 2,Movie,Comedy,2013,109,German,United States,TV-MA
CNT00343,Hidden Empire Part 3,TV Show,Sports,2004,46,Spanish,United States,TV-14
CNT00344,Broken Signal Part 5,Documentary,Sci-Fi,2000,31,Spanish,India,R
CNT00345,Crimson Legacy,Documentary,Fantasy,1999,32,Korean,Germany,PG-13
CNT00346,Quiet Horizon Part 3,Movie,Romance,2007,109,English,Japan,PG
CNT00347,Golden Storm Part 8,Movie,Documentary,2026,76,Tagalog,Australia,G
CNT00348,Northern River Part 8,Movie,Reality,1999,76,French,United Kingdom,PG
CNT00349,Forgotten Border Part 5,Movie,Crime,2023,90,Korean,United States,R
CNT00350,Wild Valley Part 3,Documentary,Sci-Fi,2009,37,Hindi,Brazil,TV-14
CNT00351,Wild Harbor Part 9,Limited Series,Comedy,2014,48,Portuguese,United States,PG-13
CNT00352,Last Signal Part 2,Documentary,Fantasy,1999,71,German,India,TV-MA
CNT00353,Restless Horizon Part 2,Movie,Drama,2013,122,Hindi,United States,R
CNT00354,Fractured Voyage Part 6,Movie,Comedy,2009,101,Arabic,Poland,PG-13
CNT00355,Endless Frontier Part 4,TV Show,Mystery,2026,41,Spanish,Mexico,NR
CNT00356,Restless Circuit Part 3,TV Show,Family,2009,21,Spanish,United States,G
CNT00357,Last Garden Part 8,TV Show,Comedy,2008,41,English,France,TV-14
CNT00358,Fractured Symphony Part 9,Documentary,Thriller,2018,36,French,Nigeria,TV-MA
CNT00359,Scarlet Harbor Part 7,Documentary,Stand-Up Comedy,2005,48,Indonesian,Brazil,NR
CNT00360,Forgotten Harbor Part 9,TV Show,Horror,2022,25,Indonesian,Brazil,PG-13
CNT00361,Northern Signal Part 6,Movie,Anime,2024,115,Hindi,Germany,TV-MA
CNT00362,Silent City Part 4,Movie,Stand-Up Comedy,2023,135,Portuguese,Germany,TV-MA
CNT00363,Golden Circuit Part 3,Documentary,Stand-Up Comedy,2003,39,English,United Kingdom,TV-MA
CNT00364,Crimson Echo Part 5,Movie,Sci-Fi,2009,113,English,Mexico,PG
CNT00365,Northern Border Part 4,TV Show,Family,2021,55,Hindi,Brazil,PG
CNT00366,Ancient Valley Part 6,TV Show,Action,2003,33,French,United States,PG
CNT00367,Hidden Echo Part 3,TV Show,Horror,2003,46,German,India,TV-14
CNT00368,Crimson Symphony Part 8,Movie,Stand-Up Comedy,2016,105,Korean,Australia,G
CNT00369,Iron Symphony Part 4,Movie,Drama,1999,106,Indonesian,India,TV-MA
CNT00370,Ancient Storm Part 4,Movie,Sci-Fi,2021,89,Portuguese,United States,PG-13
CNT00371,Crimson Kingdom Part 4,Movie,Sports,2022,105,French,United States,PG
CNT00372,Fractured Voyage Part 2,TV Show,Comedy,2006,51,Hindi,India,PG-13
CNT00373,Endless Garden Part 5,Movie,Sci-Fi,2003,134,English,Germany,TV-MA
CNT00374,Quiet Shadow Part 9,Movie,Comedy,2006,124,Portuguese,Germany,G
CNT00375,Restless Voyage Part 4,Limited Series,Comedy,2009,85,Korean,Italy,NR
CNT00376,Crimson Symphony Part 5,TV Show,Comedy,2000,26,Tagalog,India,TV-MA
CNT00377,Broken Harbor Part 2,Movie,Documentary,2003,122,Spanish,India,NR
CNT00378,Fractured Symphony Part 4,TV Show,Crime,2004,45,Tagalog,India,TV-MA
CNT00379,Ancient River Part 8,Documentary,Sci-Fi,2003,85,Indonesian,Philippines,PG
CNT00380,Hidden Signal Part 6,Stand-Up Special,Documentary,2022,25,Portuguese,France,PG
CNT00381,Distant Symphony Part 7,TV Show,Comedy,2020,25,Italian,United Kingdom,R
CNT00382,Hidden Empire Part 2,TV Show,Mystery,2001,30,Indonesian,United Kingdom,G
CNT00383,Scarlet Circuit Part 6,TV Show,Sci-Fi,1998,20,Korean,United Kingdom,PG-13
CNT00384,Wild Storm Part 5,Movie,Family,2007,94,English,Germany,PG-13
CNT00385,Ancient Symphony Part 5,TV Show,Fantasy,2001,26,Indonesian,India,R
CNT00386,Distant Horizon Part 3,Movie,Romance,2009,108,Japanese,Spain,TV-MA
CNT00387,Fractured Valley Part 4,Movie,Documentary,2026,111,Hindi,Spain,PG
CNT00388,Endless Signal Part 2,Movie,Family,2023,142,German,Indonesia,TV-14
CNT00389,Wild Circuit Part 7,Stand-Up Special,Reality,2007,61,Portuguese,Canada,PG
CNT00390,Quiet River Part 7,Limited Series,Stand-Up Comedy,2017,30,English,France,TV-14
CNT00391,Ancient Shadow Part 6,TV Show,Thriller,2008,24,Arabic,South Korea,G
CNT00392,Restless Signal Part 3,Limited Series,Stand-Up Comedy,2015,51,English,United States,TV-14
CNT00393,Quiet Shadow Part 4,Documentary,Thriller,2003,20,English,United States,R
CNT00394,Iron Symphony Part 5,Movie,Drama,2006,141,English,Italy,NR
CNT00395,Northern City Part 6,Movie,Comedy,2024,128,English,United Arab Emirates,TV-14
CNT00396,Midnight Legacy Part 2,Limited Series,Anime,2016,32,English,United States,TV-14
CNT00397,Scarlet Legacy Part 7,Movie,Anime,2013,70,French,Japan,NR
CNT00398,Scarlet Echo Part 7,Movie,Reality,2008,132,French,India,NR
CNT00399,Wild Circuit Part 9,Movie,Sports,2020,102,English,India,R
CNT00400,Crimson Shadow Part 4,Movie,Drama,2012,129,Hindi,India,TV-14
CNT00401,Ancient Shadow Part 7,Movie,Sports,2025,73,Spanish,Mexico,PG
CNT00402,Ancient Garden Part 9,Movie,Action,2008,93,Arabic,Brazil,TV-MA
CNT00403,Quiet River Part 9,Movie,Thriller,2022,105,German,India,NR
CNT00404,Golden Horizon Part 2,Documentary,Reality,2008,42,Arabic,Argentina,PG
CNT00405,Wild Horizon Part 2,Movie,Sports,2025,95,English,United States,R
CNT00406,Fractured Horizon Part 4,Movie,Mystery,2001,117,Spanish,Philippines,PG-13
CNT00407,Northern Empire Part 3,TV Show,Family,2026,20,French,France,NR
CNT00408,Iron Shadow Part 9,Limited Series,Action,2008,39,English,Argentina,PG
CNT00409,Iron Kingdom Part 6,TV Show,Drama,2013,44,Hindi,South Korea,NR
CNT00410,Golden Circuit Part 4,TV Show,Action,2013,52,English,Spain,PG
CNT00411,Iron Border Part 2,Movie,Horror,2006,119,Arabic,Mexico,R
CNT00412,Golden Kingdom Part 8,TV Show,Drama,2003,20,German,France,PG-13
CNT00413,Hidden Empire Part 4,TV Show,Crime,2008,20,Hindi,United States,NR
CNT00414,Midnight Kingdom Part 7,TV Show,Romance,2017,67,English,Indonesia,TV-MA
CNT00415,Endless Circuit Part 5,TV Show,Sci-Fi,2003,48,English,India,G
CNT00416,Iron Storm Part 7,TV Show,Sports,2012,27,Hindi,United States,PG
CNT00417,Wild Border Part 2,TV Show,Stand-Up Comedy,2008,73,Portuguese,United Kingdom,NR
CNT00418,Silent Echo Part 8,Movie,Documentary,2023,107,English,United States,NR
CNT00419,Midnight Horizon Part 2,Limited Series,Family,2020,65,Hindi,Germany,PG
CNT00420,Distant Empire Part 9,Stand-Up Special,Family,2019,43,Hindi,Argentina,TV-14
CNT00421,Iron Valley Part 2,TV Show,Reality,2001,83,Hindi,Mexico,G
CNT00422,Distant Valley Part 2,Movie,Thriller,2022,140,English,South Korea,TV-14
CNT00423,Last Legacy Part 3,Movie,Comedy,2000,100,English,United States,TV-MA
CNT00424,Northern Circuit Part 7,Movie,Sports,2012,124,Arabic,Canada,G
CNT00425,Midnight Frontier Part 9,TV Show,Anime,2021,54,Hindi,Germany,TV-MA
CNT00426,Fractured Frontier Part 2,TV Show,Thriller,2002,69,Indonesian,Poland,R
CNT00427,Forgotten Voyage Part 9,Limited Series,Anime,2010,22,Hindi,France,PG
CNT00428,Iron Legacy Part 8,Movie,Thriller,2024,118,Korean,United States,PG-13
CNT00429,Quiet River Part 5,Limited Series,Anime,2008,63,English,Germany,TV-14
CNT00430,Last River Part 3,TV Show,Sports,2015,20,German,Brazil,PG-13
CNT00431,Scarlet Symphony Part 5,Movie,Crime,2010,81,English,France,TV-MA
CNT00432,Last Horizon Part 5,TV Show,Anime,2015,20,Spanish,India,PG
CNT00433,Silent Voyage Part 5,Documentary,Stand-Up Comedy,2014,36,Portuguese,United States,TV-MA
CNT00434,Ancient Symphony Part 3,Movie,Thriller,2015,119,English,India,PG-13
CNT00435,Iron Garden Part 4,Documentary,Anime,2015,72,German,South Korea,TV-14
CNT00436,Ancient Frontier Part 4,Documentary,Sci-Fi,2002,43,Hindi,India,NR
CNT00437,Fractured Signal Part 4,Documentary,Action,2017,74,Portuguese,Argentina,PG
CNT00438,Distant Garden Part 6,TV Show,Drama,2012,20,Polish,South Korea,TV-MA
CNT00439,Last Harbor Part 6,Documentary,Sci-Fi,1999,20,Korean,Mexico,NR
CNT00440,Northern River Part 5,Documentary,Horror,2019,40,English,Philippines,R
CNT00441,Wild Legacy Part 3,Stand-Up Special,Reality,2008,49,Spanish,United States,R
CNT00442,Silent River Part 4,Movie,Action,2008,104,Korean,Nigeria,PG-13
CNT00443,Golden Harbor Part 8,Movie,Stand-Up Comedy,2017,63,English,United States,NR
CNT00444,Last Voyage Part 5,Movie,Mystery,2007,103,Portuguese,South Korea,PG
CNT00445,Last Harbor Part 4,Movie,Reality,2005,78,Japanese,South Korea,NR
CNT00446,Scarlet Empire Part 5,Movie,Crime,2016,118,Hindi,Italy,R
CNT00447,Crimson Horizon Part 6,Limited Series,Romance,2013,49,Indonesian,United States,R
CNT00448,Midnight River Part 5,Movie,Horror,1999,86,Japanese,India,PG-13
CNT00449,Northern River Part 4,Movie,Fantasy,2013,94,Hindi,Argentina,PG-13
CNT00450,Scarlet City Part 6,Movie,Reality,2001,83,English,India,NR
CNT00451,Wild Horizon Part 4,Movie,Sci-Fi,2013,103,English,Australia,G
CNT00452,Endless Legacy Part 2,Movie,Anime,2019,124,Korean,Poland,NR
CNT00453,Endless Legacy Part 8,Movie,Documentary,1999,85,English,Italy,PG-13
CNT00454,Fractured Circuit Part 4,Movie,Sci-Fi,2009,115,English,Italy,R
CNT00455,Crimson Circuit Part 8,Documentary,Fantasy,2021,31,English,United States,TV-MA
CNT00456,Distant Storm Part 8,Limited Series,Reality,2018,26,Spanish,Canada,TV-MA
CNT00457,Last Valley Part 3,Movie,Reality,2000,102,English,United States,PG-13
CNT00458,Crimson Symphony Part 6,Stand-Up Special,Stand-Up Comedy,2010,21,Indonesian,South Africa,NR
CNT00459,Northern Garden Part 5,Stand-Up Special,Drama,2026,30,Spanish,India,G
CNT00460,Forgotten Horizon Part 8,TV Show,Horror,2026,20,Arabic,United States,G
CNT00461,Quiet City Part 3,Stand-Up Special,Romance,2022,81,Hindi,United States,G
CNT00462,Broken Circuit Part 8,TV Show,Reality,2011,42,Korean,United Arab Emirates,R
CNT00463,Northern Empire Part 7,Limited Series,Reality,2011,28,Hindi,United Arab Emirates,R
CNT00464,Silent Frontier Part 8,Documentary,Romance,2012,46,Hindi,India,PG
CNT00465,Scarlet River Part 4,Documentary,Crime,2001,39,English,United Kingdom,G
CNT00466,Endless Kingdom Part 3,TV Show,Stand-Up Comedy,2006,37,English,India,TV-14
CNT00467,Restless Valley Part 9,Movie,Mystery,2007,117,Arabic,France,G
CNT00468,Hidden River Part 2,Stand-Up Special,Mystery,2020,57,English,United States,NR
CNT00469,Northern City Part 4,Limited Series,Thriller,2013,31,Hindi,Mexico,PG-13
CNT00470,Midnight River Part 9,TV Show,Sports,2006,30,Hindi,India,TV-MA
CNT00471,Silent Garden Part 9,TV Show,Stand-Up Comedy,2012,36,English,United States,PG
CNT00472,Northern Garden Part 2,Movie,Documentary,2006,58,Spanish,Germany,G
CNT00473,Broken City Part 9,Movie,Family,2012,74,German,United States,PG
CNT00474,Endless Valley Part 2,Documentary,Fantasy,2016,69,Korean,Spain,G
CNT00475,Iron Horizon Part 2,Movie,Comedy,2021,137,Hindi,Japan,TV-14
CNT00476,Crimson River Part 4,TV Show,Comedy,2005,37,Hindi,United States,TV-14
CNT00477,Scarlet Symphony Part 9,Movie,Fantasy,2011,116,English,Philippines,TV-14
CNT00478,Silent Shadow Part 6,Limited Series,Sci-Fi,2023,48,English,Italy,PG-13
CNT00479,Ancient Border Part 5,Movie,Horror,1999,166,French,South Africa,TV-14
CNT00480,Hidden Frontier Part 6,Limited Series,Mystery,2025,64,English,Nigeria,PG-13
CNT00481,Last Border Part 6,Limited Series,Family,2003,39,Hindi,India,R
CNT00482,Broken Storm Part 5,Documentary,Fantasy,2026,22,English,Indonesia,PG-13
CNT00483,Restless Empire Part 8,Movie,Comedy,2001,72,English,Brazil,TV-MA
CNT00484,Wild Harbor Part 6,Movie,Drama,2010,109,Indonesian,Canada,TV-MA
CNT00485,Restless Circuit Part 2,TV Show,Family,2008,26,English,Canada,NR
CNT00486,Silent Border Part 6,Documentary,Thriller,2001,20,French,Nigeria,TV-MA
CNT00487,Distant Signal Part 9,Movie,Stand-Up Comedy,2020,92,English,Germany,R
CNT00488,Quiet Signal Part 3,TV Show,Horror,2007,20,Spanish,Germany,PG-13
CNT00489,Endless Voyage Part 5,TV Show,Comedy,2013,75,English,India,PG
CNT00490,Ancient Empire Part 4,Documentary,Sports,2010,59,German,India,PG
CNT00491,Wild River Part 5,TV Show,Horror,2020,41,English,United States,NR
CNT00492,Fractured Storm Part 2,Documentary,Drama,2021,71,German,India,TV-14
CNT00493,Last Circuit Part 6,Limited Series,Romance,2014,43,Spanish,United Arab Emirates,TV-14
CNT00494,Northern Horizon Part 6,Limited Series,Stand-Up Comedy,1999,24,Tagalog,Philippines,PG-13
CNT00495,Endless Valley Part 3,TV Show,Stand-Up Comedy,2015,72,Hindi,United States,G
CNT00496,Distant Circuit Part 6,Limited Series,Thriller,2024,52,Spanish,Brazil,TV-MA
CNT00497,Crimson Legacy Part 3,TV Show,Action,2015,21,English,Brazil,TV-14
CNT00498,Restless Legacy Part 6,Documentary,Stand-Up Comedy,1998,38,French,Australia,G
CNT00499,Last River Part 7,Limited Series,Mystery,2005,24,Spanish,Poland,PG-13
CNT00500,Wild Storm Part 9,Movie,Family,2024,77,French,Mexico,PG-13
